model_path,MAE,MSE,RMSE,MAPE,MASE
/Users/anas/PythonProjects/makkah_time_series /results/linear_model.pkl,235.04147818809105,90978.278535769,301.62605745487076,10.928108040823872,2.619649772018384
/Users/anas/PythonProjects/makkah_time_series /results/linear_model.pkl,235.04147818809105,90978.278535769,301.62605745487076,10.928108040823872,2.619649772018384
